{"cameraMode":{"drawMode":0,"name":"Shaded","section":"Shading Mode"},"sceneLighting":true,"audioPlay":false,"sceneViewState":{"m_AlwaysRefresh":false,"showFog":true,"showSkybox":true,"showFlares":true,"showImageEffects":true,"showParticleSystems":true,"showVisualEffectGraphs":true,"m_FxEnabled":false},"in2DMode":false,"pivot":{"x":0.01966356299817562,"y":0.21497245132923127,"z":-0.0026803817600011827},"rotation":{"x":0.14231079816818238,"y":-0.8450954556465149,"z":0.4354192912578583,"w":0.2758605182170868},"size":0.3188413083553314,"orthographic":false}