{"cameraMode":{"drawMode":0,"name":"Shaded","section":"Shading Mode"},"sceneLighting":true,"audioPlay":false,"sceneViewState":{"m_AlwaysRefresh":false,"showFog":true,"showSkybox":true,"showFlares":true,"showImageEffects":true,"showParticleSystems":true,"showVisualEffectGraphs":true,"m_FxEnabled":true},"in2DMode":false,"pivot":{"x":0.010042868554592133,"y":0.45769238471984866,"z":0.03430865705013275},"rotation":{"x":0.12039222568273545,"y":-0.135960653424263,"z":0.016498258337378503,"w":0.9833189845085144},"size":0.5647042393684387,"orthographic":false}